<?xml version="1.0" encoding="UTF-8"?>
<beans xmlns="http://www.springframework.org/schema/beans"
    xmlns:xsi="http://www.w3.org/2001/XMLSchema-instance" 
    xmlns:context="http://www.springframework.org/schema/context"
    xmlns:tx="http://www.springframework.org/schema/tx"
    xsi:schemaLocation="http://www.springframework.org/schema/beans http://www.springframework.org/schema/beans/spring-beans.xsd
        http://www.springframework.org/schema/context http://www.springframework.org/schema/context/spring-context-4.1.xsd
        http://www.springframework.org/schema/tx http://www.springframework.org/schema/tx/spring-tx-4.1.xsd">

	<context:component-scan base-package="com"/>
	
		<!-- <context:exclude-filter type="annotation" expression="org.springframework.stereotype.Controller" />
    </context:component-scan> -->
    
    <tx:annotation-driven/>
	
	<bean id="dataSource" class="org.apache.commons.dbcp2.BasicDataSource" destroy-method="close">
    	<property name="driverClassName" value="org.h2.Driver"/>
    	<property name="url" value="jdbc:h2:tcp://localhost/~/test"/>
    	<property name="username" value="sa"/>
    	<property name="password" value=""/>
	</bean>
    
    <bean id="sessionFactory" class="org.springframework.orm.hibernate4.LocalSessionFactoryBean">
    	<property name="dataSource" ref="dataSource" />
    	<property name ="annotatedClasses">
    		<list>
    			<value>com.Model.Customer</value>
    			<value>com.Model.ProductModel</value>
    			<value>com.Model.CategoryModel</value>
    			<value>com.Model.SupplierModel</value>
    		</list>
    	</property>
    	<property name="hibernateProperties">
			<props>
				<prop key="hibernate.dialect">org.hibernate.dialect.H2Dialect</prop>
				<prop key="hibernate.current_session_context_class">thread</prop>
				<prop key="hibernate.hbm2ddl.auto">update</prop>
				<prop key="hibernate.show_sql">true</prop>
			</props>
		</property>
	</bean>    
	
	<bean id="transactionManager" class="org.springframework.orm.hibernate4.HibernateTransactionManager">
    	<property name="sessionFactory" ref="sessionFactory" />
	</bean>
        
</beans>
