<?xml version="1.0" encoding="UTF-8"?>
<beans xmlns="http://www.springframework.org/schema/beans"
       xmlns:xsi="http://www.w3.org/2001/XMLSchema-instance"
       xmlns:context="http://www.springframework.org/schema/context"
       xmlns:mvc="http://www.springframework.org/schema/mvc" 
       xmlns:tx="http://www.springframework.org/schema/tx"
       xmlns:webflow="http://www.springframework.org/schema/webflow-config"
       xsi:schemaLocation="http://www.springframework.org/schema/beans
       http://www.springframework.org/schema/beans/spring-beans.xsd
       http://www.springframework.org/schema/context
       http://www.springframework.org/schema/context/spring-context.xsd
       http://www.springframework.org/schema/mvc
       http://www.springframework.org/schema/mvc/spring-mvc.xsd 
       http://www.springframework.org/schema/tx 
       http://www.springframework.org/schema/tx/spring-tx.xsd
       http://www.springframework.org/schema/webflow-config
	   http://www.springframework.org/schema/webflow-config/spring-webflow-config-2.3.xsd">

    <context:component-scan base-package="com" />

    <mvc:annotation-driven>
        <mvc:argument-resolvers>
            <bean class="org.springframework.security.web.bind.support.AuthenticationPrincipalArgumentResolver" />
        </mvc:argument-resolvers>
    </mvc:annotation-driven>

    <bean id="viewResolver" class="org.springframework.web.servlet.view.InternalResourceViewResolver">
        <property name="prefix" value="/WEB-INF/Views/" />
        <property name="suffix" value=".jsp" />
    </bean>

    <mvc:resources location="/resources/assets" mapping="/resources/**"/>

    <tx:annotation-driven />
    
    <bean class="org.springframework.webflow.mvc.servlet.FlowHandlerAdapter">
			<property name="flowExecutor" ref="flowExecutor" />
		</bean>
		
		<webflow:flow-executor id="flowExecutor" flow-registry="flowRegistry" />
		
		<bean class="org.springframework.webflow.mvc.servlet.FlowHandlerMapping">
			<property name="flowRegistry" ref="flowRegistry" />
		</bean>
		
		<webflow:flow-registry id="flowRegistry" flow-builder-services="flowbuilderServices">
			<webflow:flow-location path="/WEB-INF/Views/myflow.xml"></webflow:flow-location>
		</webflow:flow-registry>
		
		<webflow:flow-builder-services id="flowbuilderServices" view-factory-creator="mvcViewFactoryCreator" />
		
		<bean id="mvcViewFactoryCreator" class="org.springframework.webflow.mvc.builder.MvcViewFactoryCreator" >
			<property name="viewResolvers" ref="viewResolver" />
		</bean>
    



</beans>